model,cv_accuracy_mean,cv_accuracy_std,cv_f1_mean,cv_f1_std,cv_roc_auc_mean,cv_roc_auc_std
LogisticRegression,0.8952473084223259,0.012307302661828407,0.8985009112224887,0.011766175710090804,0.9652374861253341,0.005963571469094226
SVM,0.9061733580286015,0.011890532457949398,0.9078011799490211,0.010822996313470556,0.9715818090330763,0.00707580272514633
RandomForest,0.9207380580247,0.005813653930611574,0.9214291150766108,0.005875320793038508,0.9797279005891539,0.003966975525434595
