{
  "results": [
    {
      "model": "LogisticRegression",
      "cv_accuracy_mean": 0.8952473084223259,
      "cv_accuracy_std": 0.012307302661828407,
      "cv_f1_mean": 0.8985009112224887,
      "cv_f1_std": 0.011766175710090804,
      "cv_roc_auc_mean": 0.9652374861253341,
      "cv_roc_auc_std": 0.005963571469094226
    },
    {
      "model": "SVM",
      "cv_accuracy_mean": 0.9061733580286015,
      "cv_accuracy_std": 0.011890532457949398,
      "cv_f1_mean": 0.9078011799490211,
      "cv_f1_std": 0.010822996313470556,
      "cv_roc_auc_mean": 0.9715818090330763,
      "cv_roc_auc_std": 0.00707580272514633
    },
    {
      "model": "RandomForest",
      "cv_accuracy_mean": 0.9207380580247,
      "cv_accuracy_std": 0.005813653930611574,
      "cv_f1_mean": 0.9214291150766108,
      "cv_f1_std": 0.005875320793038508,
      "cv_roc_auc_mean": 0.9797279005891539,
      "cv_roc_auc_std": 0.003966975525434595
    }
  ]
}