cluster,count,churn_rate
0,3896,0.5279774127310062
1,772,0.3588082901554404
