k,inertia,silhouette,davies_bouldin,calinski_harabasz
2,109958.62630095857,0.18858288917078272,2.7153577863157734,288.04377022856505
3,103618.0090261452,0.14268741420201903,1.922891395917038,295.5325117533684
4,98190.30777857485,0.08809952878866953,2.503588842549759,293.8060483703175
5,93987.15000008959,0.0958726654035932,2.3465969975302934,282.2934226813172
6,90233.60659200598,0.0934797381027264,2.171143335463419,273.9637346155548
7,85793.50279033284,0.08593511401014639,1.9169439560062163,280.27340367175265
8,81463.54446092114,0.09648225612431573,1.7932513435697643,288.33095067451114
9,78991.44484982431,0.08526072931981662,1.7903755348378776,278.35509923414753
10,76934.93119242217,0.08930418134938634,1.7673694692543633,267.8225385664431
