cluster,count,churn_rate
0,1621,0.26588525601480567
1,3047,0.6245487364620939
