{
  "best_k": 2,
  "k_values": [
    2,
    3,
    4,
    5,
    6,
    7,
    8,
    9,
    10
  ],
  "inertias": [
    109958.62630095857,
    103618.0090261452,
    98190.30777857485,
    93987.15000008959,
    90233.60659200598,
    85793.50279033284,
    81463.54446092114,
    78991.44484982431,
    76934.93119242217
  ],
  "silhouette_scores": [
    0.18858288917078272,
    0.14268741420201903,
    0.08809952878866953,
    0.0958726654035932,
    0.0934797381027264,
    0.08593511401014639,
    0.09648225612431573,
    0.08526072931981662,
    0.08930418134938634
  ],
  "davies_bouldin_scores": [
    2.7153577863157734,
    1.922891395917038,
    2.503588842549759,
    2.3465969975302934,
    2.171143335463419,
    1.9169439560062163,
    1.7932513435697643,
    1.7903755348378776,
    1.7673694692543633
  ],
  "calinski_harabasz_scores": [
    288.04377022856505,
    295.5325117533684,
    293.8060483703175,
    282.2934226813172,
    273.9637346155548,
    280.27340367175265,
    288.33095067451114,
    278.35509923414753,
    267.8225385664431
  ],
  "n_pca_dims_used": 22
}