{
  "best_k": 2,
  "k_values": [
    2,
    3,
    4,
    5,
    6,
    7,
    8,
    9,
    10
  ],
  "inertias": [
    125568.46782907094,
    119176.20491517206,
    113553.27823619782,
    109204.87326016705,
    104696.82585512853,
    101149.70762606285,
    98211.6984261589,
    93781.35057224498,
    91146.29327501537
  ],
  "silhouette_scores": [
    0.1220389507061046,
    0.11622980025045243,
    0.11608649677824495,
    0.07945680480960497,
    0.07901546330003884,
    0.08988159283190729,
    0.07171252338625715,
    0.07573406524714424,
    0.0765499220744599
  ],
  "davies_bouldin_scores": [
    2.8722548511547714,
    2.3045595510640453,
    2.1807471137960976,
    2.4011732168279925,
    2.0892656909560823,
    2.030920697640478,
    2.0847388069039448,
    1.9211096599091795,
    1.9630210332948885
  ],
  "calinski_harabasz_scores": [
    393.5347863676022,
    332.3878456010822,
    309.49941540700974,
    287.73223875059847,
    280.19326638153177,
    268.8736001928676,
    257.2206374800601,
    263.16257441320073,
    255.5953829964568
  ],
  "n_pca_dims_used": 25
}