component,explained_variance_ratio,cumulative_explained_variance
PC1,0.11085144076043782,0.11085144076043782
PC2,0.06783485601583564,0.17868629677627346
