{
  "all": [
    {
      "model": "Ridge",
      "rmse": 104233183.86373995,
      "mae": 3524695.498569557,
      "r2": -102722685.44524072
    },
    {
      "model": "RandomForestRegressor",
      "rmse": 7535.8585281973,
      "mae": 568.8182199663951,
      "r2": 0.46306732368318615
    },
    {
      "model": "ExtraTreesRegressor",
      "rmse": 7913.405006263926,
      "mae": 610.4551578082328,
      "r2": 0.40791896824645824
    },
    {
      "model": "HistGradientBoostingRegressor",
      "rmse": 6124.6499012743825,
      "mae": 458.13176025865573,
      "r2": 0.6453361711975342
    }
  ],
  "best": {
    "model": "HistGradientBoostingRegressor",
    "rmse": 6124.6499012743825,
    "mae": 458.13176025865573,
    "r2": 0.6453361711975342
  }
}