{
  "all": [
    {
      "model": "Ridge",
      "rmse": 7731.880177469338,
      "mae": 1560.3146116765604,
      "r2": 0.43484523064238445
    },
    {
      "model": "RandomForestRegressor",
      "rmse": 4939.496275527372,
      "mae": 331.68073031402,
      "r2": 0.7693452028584417
    }
  ],
  "best": {
    "model": "RandomForestRegressor",
    "rmse": 4939.496275527372,
    "mae": 331.68073031402,
    "r2": 0.7693452028584417
  }
}