{
  "results": [
    {
      "model": "Ridge",
      "cv_r2_mean": 0.2843743475321923,
      "cv_r2_std": 0.42859178370104917,
      "cv_rmse_mean": 4698.8384355736225,
      "cv_rmse_std": 1604.8202092492065
    },
    {
      "model": "RandomForestRegressor",
      "cv_r2_mean": 0.6878594281638138,
      "cv_r2_std": 0.09767846572467956,
      "cv_rmse_mean": 3335.9790444976716,
      "cv_rmse_std": 1231.764230495507
    }
  ]
}