{
  "results": [
    {
      "model": "Ridge",
      "cv_r2_mean": -848411228205.3679,
      "cv_r2_std": 1696688723632.8242,
      "cv_rmse_mean": 2888797943.066859,
      "cv_rmse_std": 5719096485.119515
    },
    {
      "model": "RandomForestRegressor",
      "cv_r2_mean": 0.5991945597853442,
      "cv_r2_std": 0.0960351501331935,
      "cv_rmse_mean": 4078.3356133799216,
      "cv_rmse_std": 1820.8527764238122
    },
    {
      "model": "ExtraTreesRegressor",
      "cv_r2_mean": 0.604237838740451,
      "cv_r2_std": 0.14956209635168954,
      "cv_rmse_mean": 4107.0074926993175,
      "cv_rmse_std": 2035.2583602572747
    },
    {
      "model": "HistGradientBoostingRegressor",
      "cv_r2_mean": 0.7667342707105818,
      "cv_r2_std": 0.12011496472966926,
      "cv_rmse_mean": 3167.5505174040263,
      "cv_rmse_std": 1790.0082776377512
    }
  ]
}